"case","method","ess_per_sec","wall_sec","estimate","tag"
"logistic_d21","gpum_mala",26523.6041571889,1.19,0.842389062634221,"fhd_r2"
"logistic_d21","gpum_rwm",3163.82132353906,0.773,0.841905132202822,"fhd_r2"
"logistic_d21","Stan",10289.6667032452,3.013,0.842649548834,"fhd_r2"
